CAGR,Sharpe,MaxDrawdown,Calmar,WinRate
0.11038072003653343,0.7802189406283985,-0.21061347220623494,0.5240914499925601,0.4117647058823529
