CAGR,Sharpe,MaxDrawdown,Calmar,WinRate
0.1464004014645166,0.8416796496448729,-0.2855935932177892,0.5126179471150599,0.5546875
